{
  "_meta": {
    "dataset": "CaptchaSolve30k",
    "sessions_analyzed": 874,
    "total_movements": 10505,
    "movements_per_session_mean": 12.019450800915331,
    "coordinate_space": "200x200 normalized grid",
    "sampling_rate_hz": 240,
    "dt_ms": 4.167
  },
  "velocity": {
    "peak": {
      "mean": 1.5095179240391094,
      "std": 3.349611019258649,
      "median": 0.45251999999999837,
      "min": 0.04987200000000143,
      "max": 38.04520352062309,
      "p5": 0.1258914979871174,
      "p25": 0.23013512681031492,
      "p50": 0.45251999999999837,
      "p75": 1.0591878350132242,
      "p95": 8.82186063472295,
      "samples": 10505,
      "distribution": "lognormal",
      "fit_params": [
        1.3573263665605748,
        0.04962864087581737,
        0.46924377446768795
      ],
      "ks_statistic": 0.05061984032784525
    },
    "mean": {
      "mean": 0.1870924356711742,
      "std": 0.35136733227569833,
      "median": 0.10382576961056653,
      "min": 0.014667529411764704,
      "max": 8.19343951354733,
      "p5": 0.033764910740907594,
      "p25": 0.058493454545454536,
      "p50": 0.10382576961056653,
      "p75": 0.1851341435348518,
      "p95": 0.5727882039740405,
      "samples": 10505,
      "distribution": "lognormal",
      "fit_params": [
        1.039073103534226,
        0.014358844074216245,
        0.09169344021257152
      ],
      "ks_statistic": 0.029670805725509286
    }
  },
  "duration": {
    "mean": 511.9919086149454,
    "std": 685.8327658397129,
    "median": 275.0,
    "min": 25.0,
    "max": 9725.0,
    "p5": 50.0,
    "p25": 125.00000000000001,
    "p50": 275.0,
    "p75": 620.8333333333334,
    "p95": 1770.8333333333335,
    "samples": 10505,
    "distribution": "lognormal",
    "fit_params": [
      1.1773516371176274,
      12.521443355987946,
      261.1155556775062
    ],
    "ks_statistic": 0.024972118313287772
  },
  "distance": {
    "mean": 47.504104143186396,
    "std": 46.17619112353735,
    "median": 31.234267379594485,
    "min": 2.0201999999999884,
    "max": 252.5698894692319,
    "p5": 2.766139268850061,
    "p25": 8.8920103581811,
    "p50": 31.234267379594485,
    "p75": 76.38784416175129,
    "p95": 140.64675529484632,
    "samples": 10505,
    "distribution": "gamma",
    "fit_params": [
      0.6815811218770434,
      2.020199999999988,
      66.5166297197538
    ],
    "ks_statistic": 0.06119946313858193
  },
  "pathEfficiency": {
    "mean": 0.8434086970965671,
    "std": 0.2119172472499967,
    "median": 0.9301892181613172,
    "min": 0.0070130317146622915,
    "max": 1.0,
    "p5": 0.316545320807621,
    "p25": 0.8227559621199071,
    "p50": 0.9301892181613172,
    "p75": 0.9739005449045026,
    "p95": 1.0,
    "samples": 10505,
    "distribution": "normal",
    "fit_params": [
      0.8434086970965671,
      0.2119172472499967
    ],
    "ks_statistic": 0.2302082648655383
  },
  "curvature": {
    "mean": 0.04286648480555109,
    "std": 0.12375595842834271,
    "median": 1.7848475870272586e-18,
    "min": 0.0,
    "max": 1.3659326235610023,
    "p5": 0.0,
    "p25": 0.0,
    "p50": 1.7848475870272586e-18,
    "p75": 4.548601179288149e-18,
    "p95": 0.336503952280621,
    "samples": 10505,
    "distribution": "lognormal",
    "fit_params": [
      15.586924735662024,
      2.4294437662894153e-23,
      3.882060716304748e-15
    ],
    "ks_statistic": 0.43750276540096417
  },
  "velocityProfile": {
    "time_to_peak_fraction": {
      "mean": 0.3840938201161077,
      "std": 0.31089573147439864,
      "median": 0.32941176470588235,
      "min": 0.0,
      "max": 1.0,
      "p5": 0.0,
      "p25": 0.1,
      "p50": 0.32941176470588235,
      "p75": 0.6390532544378699,
      "p95": 0.9411764705882353,
      "samples": 10505,
      "distribution": "lognormal",
      "fit_params": [
        0.34737458757571654,
        -0.40337444852520943,
        0.8077757472361894
      ],
      "ks_statistic": 0.06539901206301857
    },
    "asymmetry": {
      "mean": 2.5424600302284937,
      "std": 3.031560374348331,
      "median": 1.013157894736842,
      "min": 0.0,
      "max": 10.0,
      "p5": 0.0625,
      "p25": 0.5648148148148148,
      "p50": 1.013157894736842,
      "p75": 3.25,
      "p95": 10.0,
      "samples": 10505,
      "distribution": "lognormal",
      "fit_params": [
        1.2895032405593974,
        -0.04571254717157226,
        1.278040715408146
      ],
      "ks_statistic": 0.09641807825213417
    }
  },
  "submovements": {
    "count": {
      "mean": 19.300999524036172,
      "std": 24.729720781077223,
      "median": 11.0,
      "min": 1.0,
      "max": 349.0,
      "p5": 1.0,
      "p25": 5.0,
      "p50": 11.0,
      "p75": 23.0,
      "p95": 68.0,
      "samples": 10505,
      "distribution": "normal",
      "fit_params": [
        19.300999524036172,
        24.729720781077223
      ],
      "ks_statistic": 0.22963765374475792
    },
    "ballistic_fraction_mean": 0.1894049508845651
  },
  "overshoot": {
    "probability": 0.09386006663493575,
    "magnitude": {
      "mean": 28.90560140663562,
      "std": 28.538197847953775,
      "median": 18.901142298026066,
      "min": 0.34523248912229576,
      "max": 198.41932347767988,
      "p5": 2.76773524178663,
      "p25": 8.179806222640922,
      "p50": 18.901142298026066,
      "p75": 40.27371020446043,
      "p95": 86.39221747244238,
      "samples": 986,
      "distribution": "gamma",
      "fit_params": [
        1.072634720156879,
        0.3425298068603106,
        26.628874666306665
      ],
      "ks_statistic": 0.04703259419776873
    },
    "total_overshoots": 986,
    "total_movements": 10505
  },
  "jitter": {
    "amplitude": {
      "mean": 0.00015122950973058574,
      "std": 0.0042162572231120524,
      "median": 1.8593449916525292e-14,
      "min": 0.0,
      "max": 0.12395738339640629,
      "p5": 5.844995802064334e-15,
      "p25": 1.362389452695145e-14,
      "p50": 1.8593449916525292e-14,
      "p75": 2.4045527226939628e-14,
      "p95": 3.196205200983749e-14,
      "samples": 866,
      "distribution": "lognormal",
      "fit_params": [
        1.9962914522301345,
        5.9211894646675e-16,
        1.6974553084453514e-14
      ],
      "ks_statistic": 0.3337336521944815
    }
  },
  "clickTiming": {
    "hold_duration": {
      "mean": 2009.5844591832388,
      "std": 946.8937586792716,
      "median": 1828.3333333333335,
      "min": 66.66666666666667,
      "max": 10912.5,
      "p5": 1097.0833333333335,
      "p25": 1487.5,
      "p50": 1828.3333333333335,
      "p75": 2325.0,
      "p95": 3466.6666666666665,
      "samples": 553,
      "distribution": "lognormal",
      "fit_params": [
        0.32523307272411556,
        -312.57780936757536,
        2191.665831398398
      ],
      "ks_statistic": 0.057315276428012596
    }
  },
  "fittsLaw": {
    "a": -305.3259486597947,
    "b": 160.9332556557957,
    "r_squared": 0.28965438569123886,
    "std_err": 2.4857941492267734
  }
}